<!-- This file contains the mapping of keys (gamepad, remote and keyboard) to actions within XBMC -->
<!-- The <global> section is a fall through - they will only be used if the button is not         -->
<!-- used in the current window's section.  Note that there is only handling                      -->
<!-- for a single action per button at this stage.                                                -->

<!-- The format is:                      -->
<!--    <device>                         -->
<!--      <button>action</button>        -->
<!--    </device>                        -->

<!-- The <remotecode> blocks are only needed if you intend to map buttons from other remotes.     -->
<!-- In this case, the remotecodes are the OBCs (Original Button Codes) in the RCA 5 protocol     -->
<!-- and you'd set it up by adding a <remotecode> block to the <remap> or <global> section:       -->
<!--    <remotecode>             -->
<!--       <45>Stop</45>         -->
<!--    </remotecode>            -->

<!-- Note that the action can be a built-in function.                 -->
<!--  eg <B>XBMC.ActivateWindow(MyMusic)"</B>                         -->
<!-- would automatically go to My Music on the press of the B button. -->

<keymap>
  <global>
    <remote>
      <zero>Number0</zero>
      <one>Number1</one>
      <two>Number2</two>
      <three>Number3</three>
      <four>Number4</four>
      <five>Number5</five>
      <six>Number6</six>
      <seven>Number7</seven>
      <eight>Number8</eight>
      <nine>Number9</nine>
      <play>Play</play>
      <pause>Pause</pause>
      <stop>Stop</stop>
      <forward>FastForward</forward>
      <reverse>Rewind</reverse>
      <left>Left</left>
      <right>Right</right>
      <up>Up</up>
      <down>Down</down>
      <select>Select</select>
      <pageplus>PageUp</pageplus>
      <pageminus>PageDown</pageminus>
      <back>PreviousMenu</back>
      <menu>XBMC.ActivateWindow(111)</menu>
      <title>Info</title>
      <info>ContextMenu</info>
      <skipplus>SkipNext</skipplus>
      <skipminus>SkipPrevious</skipminus>
      <display>FullScreen</display>
      <start>XBMC.ActivateWindow(Home)</start>
      <record>Screenshot</record>
      <volumeplus>VolumeUp</volumeplus>
      <volumeminus>VolumeDown</volumeminus>
      <mute>Mute</mute>
      <!-- <power>XBMC.ActivateWindow(111)</power>  -->
      <power>XBMC.ShutDown()</power>
      <myvideo>XBMC.ActivateWindow(MyVideos)</myvideo>
      <mymusic>XBMC.ActivateWindow(MyMusic)</mymusic>
      <mypictures>XBMC.ActivateWindow(MyPictures)</mypictures>
      <mytv>XBMC.ActivateWindow(MyPrograms)</mytv>
      <livetv>XBMC.ActivateWindow(105)</livetv>
      <hash>XBMC.ActivateWindow(55)</hash>
    </remote>

    <gamepad>
      <A>Select</A>
      <B>ParentDir</B>
      <X>FullScreen</X>
      <Y>Queue</Y>
      <white>ContextMenu</white>
      <black></black>
      <start>XBMC.ActivateWindow(PlayerControls)</start>
      <back>PreviousMenu</back>
      <dpadleft>Left</dpadleft>
      <dpadright>Right</dpadright>
      <dpadup>Up</dpadup>
      <dpaddown>Down</dpaddown>
      <leftthumbbutton>Screenshot</leftthumbbutton>
      <rightthumbbutton>XBMC.ActivateWindow(ShutdownMenu)</rightthumbbutton>
      <leftanalogtrigger>ScrollUp</leftanalogtrigger>
      <rightanalogtrigger>ScrollDown</rightanalogtrigger>
      <rightthumbstickleft>AnalogSeekBack</rightthumbstickleft>
      <rightthumbstickright>AnalogSeekForward</rightthumbstickright>
      <rightthumbstickup>VolumeUp</rightthumbstickup>
      <rightthumbstickdown>VolumeDown</rightthumbstickdown>
    </gamepad>

    <keyboard>
      <p>Play</p>
      <q>Queue</q>
      <f>FastForward</f>
      <r>Rewind</r>
      <left>Left</left>
      <right>Right</right>
      <up>Up</up>
      <down>Down</down>
      <pageup>PageUp</pageup>
      <pagedown>PageDown</pagedown>
      <return>Select</return>
      <backspace>ParentDir</backspace>
      <m>ActivateWindow(PlayerControls)</m>
      <s>ActivateWindow(shutdownmenu)</s>
      <escape>PreviousMenu</escape>
      <i>Info</i>
      <menu>ContextMenu</menu>
      <space>Pause</space>
      <x>Stop</x>
      <period>SkipNext</period>
      <comma>SkipPrevious</comma>
      <tab>FullScreen</tab>
      <printscreen>Screenshot</printscreen>
      <minus>VolumeDown</minus>
      <plus>VolumeUp</plus>
      <zero>Number0</zero>
      <one>Number1</one>
      <two>Number2</two>
      <three>Number3</three>
      <four>Number4</four>
      <five>Number5</five>
      <six>Number6</six>
      <seven>Number7</seven>
      <eight>Number8</eight>
      <nine>Number9</nine>
    </keyboard>
  </global>

  <Home>
    <gamepad>
      <black>XBMC.Skin.ToggleSetting(HomeViewToggle)</black>
    </gamepad>

    <remote>
      <start>XBMC.Skin.ToggleSetting(HomeViewToggle)</start>
      <star>XBMC.ActivateWindow(3)</star>
      <info>XBMC.ActivateWindow(SystemInfo)</info>
      <clear>XBMC.ActivateWindow(Weather)</clear>
      <guide>XBMC.ActivateWindow(56)</guide>
    </remote>

    <keyboard>
      <i>info</i>
    </keyboard>
  </Home>

  <MyFiles>
    <gamepad>
      <Y>Highlight</Y>
    </gamepad>

    <remote>
      <record>Highlight</record>
      <star>Copy</star>
      <hash>Move</hash>
      <clear>Delete</clear>
      <back>ParentDir</back>
    </remote>

    <keyboard>
      <space>Highlight</space>
      <delete>Delete</delete>
      <c>Copy</c>
      <m>Move</m>
      <r>Rename</r>
    </keyboard>
  </MyFiles>

  <MyMusicPlaylist>
    <gamepad>
      <Y>Delete</Y>
      <black>Playlist</black> <!-- Close playlist -->
      <back>Playlist</back>   <!-- Close playlist -->
      <B>Playlist</B>         <!-- Close playlist -->
    </gamepad>

    <remote>
      <back>Playlist</back> <!-- Close playlist -->
      <recordedtv>Playlist</recordedtv> <!-- Close playlist -->
      <clear>Delete</clear>
      <pageplus>MoveItemUp</pageplus>
      <pageminus>MoveItemDown</pageminus>
    </remote>

    <keyboard>
      <space>Playlist</space> <!-- Close playlist -->
      <delete>Delete</delete>
      <u>MoveItemUp</u>
      <d>MoveItemDown</d>
    </keyboard>
  </MyMusicPlaylist>

  <MyMusicPlaylistEditor>
    <keyboard>
      <u>MoveItemUp</u>
      <d>MoveItemDown</d>
      <delete>Delete</delete>
    </keyboard>
  </MyMusicPlaylistEditor>

  <MyMusicFiles>
    <gamepad>
      <Y>Queue</Y>
      <black>Playlist</black>
    </gamepad>

    <remote>
      <star>Queue</star>
      <back>ParentDir</back>
      <recordedtv>Playlist</recordedtv>
    </remote>

    <keyboard>
      <space>Playlist</space>
      <q>Queue</q>
    </keyboard>
  </MyMusicFiles>

  <MyMusicLibrary>
    <gamepad>
      <Y>Queue</Y>
      <black>Playlist</black>
    </gamepad>

    <remote>
      <back>ParentDir</back>
      <star>Queue</star>
      <recordedtv>Playlist</recordedtv>
    </remote>

    <keyboard>
      <space>Playlist</space>
      <q>Queue</q>
    </keyboard>
  </MyMusicLibrary>

  <FullscreenVideo>
    <remote>
      <left>StepBack</left>
      <right>StepForward</right>
      <up>BigStepForward</up>
      <down>BigStepBack</down>
      <back>SmallStepBack</back>
      <menu>OSD</menu>
      <start>OSD</start>
      <title>ShowSubtitles</title>
      <info>ShowTime</info>
      <livetv>AspectRatio</livetv>
      <recordedtv>NextSubtitle</recordedtv>
      <star>CodecInfo</star>
      <pageplus>AnalogSeekForward</pageplus>
      <pageminus>AnalogSeekBack</pageminus>
    </remote>

    <gamepad>
      <A>Pause</A>
      <B>Stop</B>
      <Y>AspectRatio</Y>
      <black>CodecInfo</black>
      <white>Info</white>
      <back>SmallStepBack</back>
      <start>OSD</start>
      <leftanalogtrigger>AnalogRewind</leftanalogtrigger>
      <rightanalogtrigger>AnalogFastForward</rightanalogtrigger>
      <dpadleft>StepBack</dpadleft>
      <dpadright>StepForward</dpadright>
      <dpadup>BigStepForward</dpadup>
      <dpaddown>BigStepBack</dpaddown>
    </gamepad>

    <keyboard>
      <f>FastForward</f>
      <r>Rewind</r>
      <period>StepForward</period>
      <comma>StepBack</comma>
      <backspace>SmallStepBack</backspace>
      <opensquarebracket>BigStepForward</opensquarebracket>
      <closesquarebracket>BigStepBack</closesquarebracket>
      <return>OSD</return>
      <m>OSD</m>
      <i>CodecInfo</i>
      <t>Info</t>
      <o>ShowTime</o>
      <z>AspectRatio</z>
      <s>ShowSubtitles</s>
      <l>NextSubtitle</l>      
      <left>Left</left>
      <right>Right</right>
    </keyboard>
  </FullscreenVideo>


  <PlayerControls>
    <gamepad>
      <back>Close</back>
      <start>Close</start>
    </gamepad>

    <remote>
      <menu>Close</menu>
    </remote>
  </PlayerControls>

  <Visualisation>
    <remote>
      <left>DecreaseRating</left>
      <right>IncreaseRating</right>
      <up>PreviousPreset</up>
      <down>NextPreset</down>
      <select>LockPreset</select>
      <title>ShowPreset</title>
      <guide>XBMC.ActivateWindow(VisualisationPresetList)</guide>
      <livetv>XBMC.ActivateWindow(VisualisationSettings)</livetv>
      <recordedtv>XBMC.ActivateWindow(500)</recordedtv>
      <menu>XBMC.ActivateWindow(MusicOSD)</menu>
      <start>XBMC.ActivateWindow(MusicOSD)</start>
      <info>Info</info>
      <star>ShowPreset</star>
      <pageplus>AnalogSeekForward</pageplus>
      <pageminus>AnalogSeekBack</pageminus>
    </remote>

    <gamepad>
      <A>Pause</A>
      <B>Stop</B>
      <Y>XBMC.ActivateWindow(VisualisationPresetList)</Y>
      <black>ShowPreset</black>
      <white>Info</white>
      <start>XBMC.ActivateWindow(MusicOSD)</start>
      <back>LockPreset</back>
      <leftanalogtrigger>AnalogRewind</leftanalogtrigger>
      <rightanalogtrigger>AnalogFastForward</rightanalogtrigger>
      <dpadleft>SkipPrevious</dpadleft>
      <dpadright>SkipNext</dpadright>
      <dpadup>NextPreset</dpadup>
      <dpaddown>PreviousPreset</dpaddown>
    </gamepad>

    <keyboard>
      <f>FastForward</f>
      <r>Rewind</r>
      <period>SkipNext</period>
      <comma>SkipPrevious</comma>
      <return>ActivateWindow(MusicOSD)</return>
      <m>ActivateWindow(MusicOSD)</m>
      <i>CodecInfo</i>
      <t>Info</t>
      <p>ActivateWindow(VisualisationPresetList)</p>
      <v>ActivateWindow(VisualisationSettings)</v>
      <n>ActivateWindow(MusicPlaylist)</n>
      <left>SkipPrevious</left>
      <right>SkipNext</right>
      <up>IncreaseRating</up>
      <down>DecreaseRating</down>
      <!--<back>NextPreset</back>!-->
      <s>ShowPreset</s>
      <l>LockPreset</l>
    </keyboard>
  </Visualisation>

  <MusicOSD>
    <gamepad>
      <back>Close</back>
      <start>Close</start>
      <black>ShowPreset</black>
      <white>Info</white>
    </gamepad>

    <remote>
      <menu>Close</menu>
      <start>Info</start>
      <info>ShowPreset</info>
    </remote>

    <keyboard>
      <f>FastForward</f>
      <r>Rewind</r>
      <period>SkipNext</period>
      <comma>SkipPrevious</comma>
      <m>Close</m>
      <i>CodecInfo</i>
      <t>Info</t>
      <p>ActivateWindow(VisualisationPresetList)</p>
      <v>ActivateWindow(VisualisationSettings)</v>
      <n>ActivateWindow(MusicPlaylist)</n>
    </keyboard>
  </MusicOSD>

  <VisualisationSettings>
    <gamepad>
      <B>Close</B>
      <back>Close</back>
      <start>Close</start>
    </gamepad>

    <remote>
      <menu>Close</menu>
      <start>Close</start>
    </remote>

    <keyboard>
      <f>FastForward</f>
      <r>Rewind</r>
      <period>SkipNext</period>
      <comma>SkipPrevious</comma>
      <m>Close</m>
      <i>CodecInfo</i>
      <t>Info</t>
      <p>ActivateWindow(VisualisationPresetList)</p>
      <v>Close</v>
      <n>ActivateWindow(MusicPlaylist)</n>
    </keyboard>

  </VisualisationSettings>
  <VisualisationPresetList>
    <gamepad>
      <B>Close</B>
      <back>Close</back>
      <start>Close</start>
      <Y>Close</Y>
    </gamepad>

    <remote>
      <menu>Close</menu>
      <guide>Close</guide>
      <start>Close</start>
    </remote>

    <keyboard>
      <f>FastForward</f>
      <r>Rewind</r>
      <period>SkipNext</period>
      <comma>SkipPrevious</comma>
      <m>Close</m>
      <i>CodecInfo</i>
      <t>Info</t>
      <p>Close</p>
      <v>Close</v>
      <n>ActivateWindow(MusicPlaylist)</n>
    </keyboard>

  </VisualisationPresetList>

  <SlideShow>
    <gamepad>
      <A>Pause</A>
      <B>Stop</B>
      <Y>Rotate</Y>
      <X>ZoomNormal</X>
      <black>CodecInfo</black>
      <white>Info</white>
      <righttrigger>NextPicture</righttrigger>
      <lefttrigger>PreviousPicture</lefttrigger>
      <dpadleft>PreviousPicture</dpadleft>
      <dpadright>NextPicture</dpadright>
      <dpadup>ZoomIn</dpadup>
      <dpaddown>ZoomOut</dpaddown>
      <leftthumbstick>AnalogMove</leftthumbstick>
      <back>Stop</back>
    </gamepad>

    <remote>
      <zero>ZoomNormal</zero>
      <one>ZoomLevel1</one>
      <two>ZoomLevel2</two>
      <three>ZoomLevel3</three>
      <four>ZoomLevel4</four>
      <five>ZoomLevel5</five>
      <six>ZoomLevel6</six>
      <seven>ZoomLevel7</seven>
      <eight>ZoomLevel8</eight>
      <nine>ZoomLevel9</nine>
      <info>CodecInfo</info>
      <select>rotate</select>
      <info>XBMC.ActivateWindow(58)</info>
      <right>NextPicture</right>
      <left>PreviousPicture</left>
      <right>Rotate</right>
      <left>Rotate</left>
      <up>ZoomIn</up>
      <down>ZoomOut</down>
      <pageplus>AnalogSeekForward</pageplus>
      <pageminus>AnalogSeekBack</pageminus>
      <guide>info</guide>
      <star>info</star>
      <back>Stop</back>
      <start>XBMC.ActivateWindow(114)</start>
      <menu>XBMC.ActivateWindow(114)</menu>
      <recordedtv>XBMC.ActivateWindow(500)</recordedtv>
      <livetv>XBMC.ActivateWindow(59)</livetv>
    </remote>

    <keyboard>
      <zero>ZoomNormal</zero>
      <one>ZoomLevel1</one>
      <two>ZoomLevel2</two>
      <three>ZoomLevel3</three>
      <four>ZoomLevel4</four>
      <five>ZoomLevel5</five>
      <six>ZoomLevel6</six>
      <seven>ZoomLevel7</seven>
      <eight>ZoomLevel8</eight>
      <nine>ZoomLevel9</nine>
      <i>CodecInfo</i>
      <t>Info</t>
      <period>NextPicture</period>
      <comma>PreviousPicture</comma>
      <plus>ZoomIn</plus>
      <minus>ZoomOut</minus>
      <r>Rotate</r>
    </keyboard>
  </SlideShow>

  <ScreenCalibration>
    <gamepad>
      <leftthumbstick>AnalogMove</leftthumbstick>
      <A>NextCalibration</A>
      <black>ResetCalibration</black>
      <white>NextResolution</white>
      <B>PreviousMenu</B>
    </gamepad>

    <remote>
      <select>NextCalibration</select>
      <enter>NextCalibration</enter>
      <zero>ResetCalibration</zero>
      <display>NextResolution</display>
      <xbox>NextResolution</xbox>
    </remote>

    <keyboard>
      <return>NextCalibration</return>
      <d>ResetCalibration</d>
      <r>NextResolution</r>
    </keyboard>
  </ScreenCalibration>

  <GUICalibration>
    <gamepad>
      <leftthumbstick>AnalogMove</leftthumbstick>
      <A>NextCalibration</A>
      <black>ResetCalibration</black>
      <B>PreviousMenu</B>
    </gamepad>

    <remote>
      <select>NextCalibration</select>
      <enter>NextCalibration</enter>
      <clear>ResetCalibration</clear>
    </remote>

    <keyboard>
      <return>NextCalibration</return>
      <d>ResetCalibration</d>
    </keyboard>
  </GUICalibration>

  <SelectDialog>
    <gamepad>
      <back>Close</back>
    </gamepad>

    <remote>
      <back>Close</back>
    </remote>

    <keyboard>
      <escape>Close</escape>
    </keyboard>
  </SelectDialog>
  

  <VideoOSD>
    <gamepad>
      <start>Close</start>
      <back>PreviousMenu</back>
      <B>PreviousMenu</B>
    </gamepad>

    <remote>
      <back>PreviousMenu</back>
      <menu>Close</menu>
      <start>Close</start>
    </remote>

    <keyboard>
      <backspace>HideSubMenu</backspace>
      <escape>Close</escape>
    </keyboard>
  </VideoOSD>

  <VideoMenu>
    <gamepad>
      <Y>AspectRatio</Y>
      <B>Stop</B>
      <start>OSD</start>
      <back>PreviousMenu</back>
      <white>Info</white>
      <black>CodecInfo</black>
      <leftanalogtrigger>AnalogRewind</leftanalogtrigger>
      <rightanalogtrigger>AnalogFastForward</rightanalogtrigger>      
    </gamepad>

    <remote>
      <menu>OSD</menu>
      <back>PreviousMenu</back>
      <info>Info</info>
    </remote>

    <keyboard>
      <return>OSD</return>
      <backspace>PreviousMenu</backspace>
    </keyboard>
  </VideoMenu>

  <OSDVideoSettings>
    <gamepad>
      <X></X>
      <Y>AspectRatio</Y>
      <B>Close</B>
      <back>Close</back>
      <start>Close</start>
    </gamepad>

    <remote>
      <back>Close</back>
      <menu>Close</menu>
      <start>Close</start>
    </remote>

    <keyboard>
      <backspace>HideSubMenu</backspace>
      <escape>Close</escape>
    </keyboard>
  </OSDVideoSettings>

  <OSDAudioSettings>
    <gamepad>
      <X></X>
      <Y>AspectRatio</Y>
      <B>Close</B>
      <back>Close</back>
      <start>Close</start>
    </gamepad>

    <remote>
      <back>Close</back>
      <menu>Close</menu>
      <start>Close</start>
    </remote>

    <keyboard>
      <backspace>HideSubMenu</backspace>
      <escape>Close</escape>
    </keyboard>
  </OSDAudioSettings>

  <VideoBookmarks>
    <gamepad>
      <X></X>
      <Y>Delete</Y>
      <B>Close</B>
      <back>Close</back>
      <start>Close</start>
    </gamepad>

    <remote>
      <back>Close</back>
      <menu>Close</menu>
      <start>Close</start>
      <clear>Delete</clear>
    </remote>

    <keyboard>
      <backspace>HideSubMenu</backspace>
      <escape>Close</escape>
    </keyboard>
  </VideoBookmarks>

  <MyVideoLibrary>
    <gamepad>
      <black>Delete</black>
    </gamepad>

    <remote>
      <clear>Delete</clear>
      <volumeplus>VolumeUp</volumeplus>
      <volumeminus>VolumeDown</volumeminus>
      <mute>Mute</mute>
    </remote>

    <keyboard>
      <delete>Delete</delete>
      <space>Playlist</space>
    </keyboard>
  </MyVideoLibrary>

  <MyVideoFiles>
    <gamepad>
      <Y>Queue</Y>
      <black>Playlist</black>
    </gamepad>

    <remote>
      <back>ParentDir</back>
      <star>Queue</star>
      <recordedtv>Playlist</recordedtv>
      <volumeplus>VolumeUp</volumeplus>
      <volumeminus>VolumeDown</volumeminus>
      <mute>Mute</mute>
    </remote>

    <keyboard>
      <space>Playlist</space>
      <q>Queue</q>
    </keyboard>
  </MyVideoFiles>

  <MyVideoPlaylist>
    <gamepad>
      <Y>Delete</Y>
      <black>Playlist</black> <!-- Close playlist -->
      <back>Playlist</back>   <!-- Close playlist -->
      <B>Playlist</B>
    </gamepad>

    <remote>
      <back>Playlist</back> <!-- Close playlist -->
      <recordedtv>Playlist</recordedtv>
      <clear>Delete</clear>
      <pageplus>MoveItemUp</pageplus>
      <pageminus>MoveItemDown</pageminus>
      <volumeplus>VolumeUp</volumeplus>
      <volumeminus>VolumeDown</volumeminus>
      <mute>Mute</mute>
    </remote>

    <keyboard>
      <space>Playlist</space> <!-- Close playlist -->
      <delete>Delete</delete>
      <u>MoveItemUp</u>
      <d>MoveItemDown</d>
    </keyboard>
  </MyVideoPlaylist>

  <VirtualKeyboard>
    <gamepad>
      <start>Enter</start>
      <B>BackSpace</B>
      <Y>Shift</Y>
      <X>Symbols</X>
      <lefttrigger>CursorLeft</lefttrigger>
      <righttrigger>CursorRight</righttrigger>
    </gamepad>

    <remote>
      <back>BackSpace</back>
      <star>Shift</star>
      <hash>Symbols</hash>
      <pageminus>CursorLeft</pageminus>
      <pageplus>CursorRight</pageplus>
    </remote>
  </VirtualKeyboard>


  <XlinkKai>
    <gamepad>
      <righttrigger>NextPicture</righttrigger> <!-- Next Tab -->
      <lefttrigger>PreviousPicture</lefttrigger> <!-- Previous Tab -->
    </gamepad>

    <remote>
      <pageplus>NextPicture</pageplus> <!-- Next Tab -->
      <pageminus>PreviousPicture</pageminus> <!-- Previous Tab -->
    </remote>
  </XlinkKai>


  <ContextMenu>
    <gamepad>
      <white>Close</white>
      <B>Close</B>
    </gamepad>

    <remote>
      <title>Close</title>
      <back>Close</back>
    </remote>

    <keyboard>
      <menu>Close</menu>
    </keyboard>
  </ContextMenu>

  <FileStackingDialog>
    <remote>
      <back>Close</back>
    </remote>
  </FileStackingDialog>

  <Scripts>
    <gamepad>
      <black>XBMC.ActivateWindow(ScriptsDebugInfo)</black>
    </gamepad>

    <remote>
      <info>XBMC.ActivateWindow(ScriptsDebugInfo)</info>
      <back>ParentDir</back>
    </remote>

    <keyboard>
      <i>XBMC.ActivateWindow(ScriptsDebugInfo)</i>
    </keyboard>
  </Scripts>


  <ScriptsDebugInfo>
    <gamepad>
      <white>Info</white> <!-- clears debug python info -->
    </gamepad>

    <remote>
      <info>Info</info> <!-- clears debug python info -->
    </remote>

    <keyboard>
      <i>Info</i> <!-- clears debug python info -->
    </keyboard>
  </ScriptsDebugInfo>


  <NumericInput>
    <gamepad>
      <B>BackSpace</B>
      <start>Enter</start>
      <lefttrigger>SkipPrevious</lefttrigger>
      <righttrigger>SkipNext</righttrigger>
    </gamepad>

    <remote>
      <zero>Number0</zero>
      <one>Number1</one>
      <two>Number2</two>
      <three>Number3</three>
      <four>Number4</four>
      <five>Number5</five>
      <six>Number6</six>
      <seven>Number7</seven>
      <eight>Number8</eight>
      <nine>Number9</nine>
      <back>BackSpace</back>
    </remote>
  </NumericInput>

  <GamepadInput>
    <gamepad>
      <start>Stop</start> <!-- Enter Password -->
    </gamepad>
  </GamepadInput>

  <Weather>
    <gamepad>
      <B>PreviousMenu</B>
    </gamepad>

    <remote>
      <back>PreviousMenu</back>
    </remote>
  </Weather>

  <Settings>
    <gamepad>
      <B>PreviousMenu</B>
    </gamepad>

    <remote>
      <back>PreviousMenu</back>
    </remote>
  </Settings>

  <MyPicturesSettings>
    <gamepad>
      <B>PreviousMenu</B>
    </gamepad>

    <remote>
      <back>PreviousMenu</back>
    </remote>
  </MyPicturesSettings>

  <MyProgramsSettings>
    <gamepad>
      <B>PreviousMenu</B>
    </gamepad>

    <remote>
      <back>PreviousMenu</back>
    </remote>
  </MyProgramsSettings>

  <MyWeatherSettings>
    <gamepad>
      <B>PreviousMenu</B>
    </gamepad>

    <remote>
      <back>PreviousMenu</back>
    </remote>
  </MyWeatherSettings>

  <MyMusicSettings>
    <gamepad>
      <B>PreviousMenu</B>
    </gamepad>

    <remote>
      <back>PreviousMenu</back>
    </remote>
  </MyMusicSettings>

  <SystemSettings>
    <gamepad>
      <B>PreviousMenu</B>
    </gamepad>

    <remote>
      <back>PreviousMenu</back>
    </remote>
  </SystemSettings>

  <MyVideosSettings>
    <gamepad>
      <B>PreviousMenu</B>
    </gamepad>

    <remote>
      <back>PreviousMenu</back>
    </remote>
  </MyVideosSettings>

  <NetworkSettings>
    <gamepad>
      <B>PreviousMenu</B>
    </gamepad>

    <remote>
      <back>PreviousMenu</back>
    </remote>
  </NetworkSettings>

  <AppearanceSettings>
    <gamepad>
      <B>PreviousMenu</B>
    </gamepad>

    <remote>
      <back>PreviousMenu</back>
    </remote>
  </AppearanceSettings>

  <Profiles>
    <gamepad>
      <B>PreviousMenu</B>
    </gamepad>

    <remote>
      <back>PreviousMenu</back>
    </remote>
  </Profiles>

  <systeminfo>
    <gamepad>
      <B>PreviousMenu</B>	
    </gamepad>

    <remote>
      <back>PreviousMenu</back>
    </remote>
  </systeminfo>

  <shutdownmenu>
    <gamepad>
      <B>PreviousMenu</B>	
    </gamepad>

    <remote>
      <back>PreviousMenu</back>
    </remote>
  </shutdownmenu>

  <submenu>
    <gamepad>
      <B>PreviousMenu</B>	
    </gamepad>

    <remote>
      <back>PreviousMenu</back>
    </remote>
  </submenu>

  <MusicInformation>
    <gamepad>
      <B>Close</B>	
    </gamepad>

    <remote>
      <back>Close</back>
    </remote>
  </MusicInformation>

  <MovieInformation>
    <gamepad>
      <B>Close</B>	
    </gamepad>

    <remote>
      <back>Close</back>
    </remote>
  </MovieInformation>

  <LockSettings>
    <gamepad>
      <start>Close</start>
      <B>PreviousMenu</B>
      <back>PreviousMenu</back>
    </gamepad>

    <remote>
      <menu>Close</menu>
      <back>PreviousMenu</back>
    </remote>
  </LockSettings>

  <ProfileSettings>
    <gamepad>
      <start>Close</start>
      <B>PreviousMenu</B>
      <back>PreviousMenu</back>
    </gamepad>

    <remote>
      <menu>Close</menu>
      <back>PreviousMenu</back>
    </remote>
  </ProfileSettings>

  <TrainerSettings>
    <gamepad>
      <start>Close</start>
      <B>PreviousMenu</B>
      <back>PreviousMenu</back>
    </gamepad>

    <remote>
      <menu>Close</menu>
      <back>PreviousMenu</back>
    </remote>
  </TrainerSettings>
</keymap>