<visualisation>

	<!-- amount to delay spectrum (range 0..255) -->
	<syncdelay>0</syncdelay>

	<!-- number of frequency bars to display -->
	<bars>40</bars>

	<!-- frequency scale can be log or linear -->
	<freqscale>log</freqscale>

	<!-- enable A/B/C-weighting of the data (options are: "A", "B", "C", or "none") -->
	<weight>A</weight>

	<!-- frequency range (in Hz) -->
	<freqmin>200</freqmin>
	<freqmax>16000</freqmax>

	<!-- level range (in dB - 0dB refers to a sine wave at minimum possible level, 96dB is highest possible) -->
	<levelmin>20</levelmin>
	<levelmax>90</levelmax>

	<!-- border around spectrum -->
	<Border>60</Border>

	<!-- border around spectrum -->
	<DrawBarBorders>true</DrawBarBorders>

	<!-- number of historical spectrums to show -->
	<HistoryCount>7</HistoryCount>

	<!-- amount to offset historical spectrums (this is measured in BarWidths (where 1 = the width of 1 bar) -->
	<HistoryOffset>0.3</HistoryOffset>

	<!-- interval before current spectrum is moved into history (in milliseconds) -->
	<HistoryDelay>100</HistoryDelay>

	<!-- width of line around bars -->
	<LineWeight>1.0</LineWeight>
	
	<!-- background color -->
	<Background>
		<Red>1.0</Red>
		<Green>1.0</Green>
		<Blue>1.0</Blue>
		<Alpha>1.0</Alpha>
	</Background>

	<!-- front bar fill color -->
	<FrontFill>
		<Red>1.0</Red>
		<Green>1.0</Green>
		<Blue>1.0</Blue>
		<Alpha>1.0</Alpha>
	</FrontFill>

	<!-- front bar border color -->
	<FrontBorder>
		<Red>0.0</Red>
		<Green>0.0</Green>
		<Blue>0.0</Blue>
		<Alpha>1.0</Alpha>
	</FrontBorder>

	<!-- back bar fill color -->
	<BackFill>
		<Red>0.2</Red>
		<Green>0.7</Green>
		<Blue>1.0</Blue>
		<Alpha>1.0</Alpha>
	</BackFill>

	<!-- back bar border color -->
	<BackBorder>
		<Red>0.0</Red>
		<Green>0.0</Green>
		<Blue>0.0</Blue>
		<Alpha>1.0</Alpha>
	</BackBorder>

</visualisation>
