<window>
	<defaultcontrol>50</defaultcontrol>
	<allowoverlay>yes</allowoverlay>
	<controls>
		<control type="image">
			<description>background image</description>
			<posx>0</posx>
			<posy>0</posy>
			<width>720</width>
			<height>576</height>
			<texture>background-videos.png</texture>
		</control>
		<control type="label">
			<description>xbox media center label</description>
			<posx>200</posx>
			<posy>63</posy>
			<align>right</align>
			<label>xbox media center</label>
			<font>special12</font>
		</control>
		<control type="label">
			<description>description label</description>
			<posx>207</posx>
			<posy>63</posy>
			<align>left</align>
			<label>Window XML Example</label>
			<font>special13</font>
		</control>
		<include>contentpanel</include>
		<control type="label" id="12">
			<description>number of files text label</description>
			<posx>545</posx>
			<posy>526</posy>
			<align>right</align>
			<label>-</label>
			<font>font10</font>
			<include>contentpanelslide</include>
		</control>
		<control type="group" id="9000">
			<include>buttonpanelslide</include>
			<control type="button" id="2">
				<description>View As Icons button</description>
				<posx>50</posx>
				<posy>120</posy>
				<label>100</label>
				<onleft>50</onleft>
				<onright>50</onright>
				<onup>33</onup>
				<ondown>13</ondown>
			</control>
			<control type="button" id="13">
				<description>Clear button</description><!-- changed from id 3 as its 'reservered' for sort (if sort is fixed)-->
				<posx>50</posx>
				<posy>157</posy>
				<label>Clear List</label>
				<onleft>50</onleft>
				<onright>14</onright>
				<onup>2</onup>
				<ondown>99</ondown>
			</control>
			<control type="togglebutton" id="14"><!-- changed from id 4as its 'reservered' for sort (if sort is fixed)-->
				<description>togglebutton example</description>
				<label>-</label>
				<onleft>13</onleft>
				<onright>50</onright>
				<onup>2</onup>
				<ondown>99</ondown>
			</control>
			<control type="button" id="99">
				<description>Button</description>
				<posx>50</posx>
				<posy>194</posy>
				<label>This gets overwritten by the script as an example</label>
				<font>font13</font>
				<onleft>50</onleft>
				<onright>50</onright>
				<onup>13</onup>
				<ondown>7</ondown>
			</control>
			<control type="button" id="7">
				<description>About Button</description>
				<posx>50</posx>
				<posy>231</posy>
				<label>About</label>
				<onleft>50</onleft>
				<onright>50</onright>
				<onup>99</onup>
				<ondown>31</ondown>
			</control>
		</control>
		<include>OldListViewCommons</include>
		<include>VideoViewCommons</include>
		<include>AllViewCommonThumbSmall</include>
		<include>AllViewCommonThumbLarge</include>
		<include>WideIcon_Small</include>
		<include>WideIcon_Big</include>
		<include>AllViewCommonPageControls</include>
		<control type="image" id="0">
			<description>bg preview</description>
			<posx>0</posx>
			<posy>0</posy>
			<width>720</width>
			<height>576</height>
			<include>windowswitchtransition</include>
		</control>
	</controls>
</window>