<window id="6">
	<defaultcontrol>50</defaultcontrol>
	<allowoverlay>yes</allowoverlay>
	<controls>
		<control type="image" id="1">
			<description>background image</description>
			<posx>0</posx>
			<posy>0</posy>
			<width>720</width>
			<height>576</height>
			<colorkey>0</colorkey>
			<textcolor>ffffffff</textcolor>
			<colordiffuse>ffffffff</colordiffuse>
			<texture>background-videos.png</texture>
		</control>
		<control type="label" id="1">
			<description>xbox media center label</description>
			<posx>200</posx>
			<posy>63</posy>
			<align>right</align>
			<label>xbox media center</label>
			<font>special12</font>
			<textcolor>ffffffff</textcolor>
		</control>
		<control type="label" id="1">
			<description>description label</description>
			<posx>207</posx>
			<posy>63</posy>
			<align>left</align>
			<label>Window XML Example</label>
			<font>special13</font>
		</control>
		<include>contentpanel</include>
		<control type="label" id="12">
			<description>number of files text label</description>
			<posx>545</posx>
			<posy>526</posy>
			<align>right</align>
			<label>-</label>
			<font>font10</font>
			<animation effect="slide" time="500" start="-250,0" end="0,0" acceleration="-1.1" condition="!Skin.HasSetting(animated)">WindowOpen</animation>
			<animation effect="slide" time="300" start="0,0" end="-250,0" acceleration="1.1" condition="!Skin.HasSetting(animated)">WindowClose</animation>
		</control>
		<control type="group" id="9000">
			<animation effect="slide" time="500" start="-250,0" end="0,0" acceleration="-1.1" condition="!Skin.HasSetting(animated)">WindowOpen</animation>
			<animation effect="slide" time="300" start="0,0" end="-250,0" acceleration="1.1" condition="!Skin.HasSetting(animated)">WindowClose</animation>
			<control type="button" id="2">
				<description>View As Icons button</description>
				<posx>50</posx>
				<posy>120</posy>
				<label>100</label>
				<onleft>50</onleft>
				<onright>50</onright>
				<onup>33</onup>
				<ondown>3</ondown>
				<disabledcolor>60ffffff</disabledcolor>
				<textoffsetx>17</textoffsetx>
				<aligny>center</aligny>
			</control>
			<control type="button" id="13">
				<description>Sort by button</description>
				<posx>50</posx>
				<posy>157</posy>
				<label>103</label>
				<onleft>50</onleft>
				<onright>4</onright>
				<onup>2</onup>
				<ondown>99</ondown>
				<disabledcolor>60ffffff</disabledcolor>
				<textoffsetx>17</textoffsetx>
				<aligny>center</aligny>
			</control>
			<control type="togglebutton" id="14">
				<description>Sort asc</description>
				<label>-</label>
				<onleft>3</onleft>
				<onright>50</onright>
				<onup>2</onup>
				<ondown>99</ondown>
				<disabledcolor>60ffffff</disabledcolor>
				<textoffsetx>17</textoffsetx>
				<aligny>center</aligny>
			</control>
			<control type="button" id="99">
				<description>Button</description>
				<posx>50</posx>
				<posy>194</posy>
				<label>Settings</label>
				<font>font13</font>
				<onleft>50</onleft>
				<onright>50</onright>
				<onup>3</onup>
				<ondown>7</ondown>
				<disabledcolor>60ffffff</disabledcolor>
				<textoffsetx>17</textoffsetx>
				<aligny>center</aligny>
			</control>
			<control type="button" id="7">
				<description>Stacking</description>
				<posx>50</posx>
				<posy>231</posy>
				<label>About</label>
				<onleft>50</onleft>
				<onright>50</onright>
				<onup>99</onup>
				<ondown>31</ondown>
			</control>
		</control>
		<control type="list" id="50">
			<posx>211</posx>
			<posy>125</posy>
			<width>455</width>
			<height>375</height>
			<onleft>9000</onleft>
			<onright>60</onright>
			<onup>50</onup>
			<ondown>50</ondown>
			<viewtype label="535">list</viewtype>
			<pagecontrol>60</pagecontrol>
			<scrolltime>200</scrolltime>
			<include>contentpanelslide</include>
			<itemlayout height="25">
				<control type="image">
					<posx>5</posx>
					<posy>3</posy>
					<width>20</width>
					<height>20</height>
					<info>ListItem.Icon</info>
				</control>
				<control type="label">
					<posx>30</posx>
					<posy>2</posy>
					<width>380</width>
					<height>22</height>
					<font>font13</font>
					<include>listselectedcolor</include>
					<align>left</align>
					<info>ListItem.Label</info>
				</control>
				<control type="label">
					<posx>430</posx>
					<posy>2</posy>
					<width>300</width>
					<height>22</height>
					<font>font13</font>
					<include>listselectedcolor</include>
					<textcolor>60ffffff</textcolor>
					<align>right</align>
					<info>ListItem.Label2</info>
				</control>
			</itemlayout>
			<focusedlayout height="25">
				<control type="image">
					<width>440</width>
					<height>25</height>
					<posx>0</posx>
					<posy>0</posy>
					<visible>Control.HasFocus(50)</visible>
					<texture>list-focus.png</texture>
				</control>
				<control type="image">
					<posx>5</posx>
					<posy>3</posy>
					<width>20</width>
					<height>20</height>
					<info>ListItem.Icon</info>
				</control>
				<control type="label">
					<posx>30</posx>
					<posy>2</posy>
					<width>380</width>
					<height>22</height>
					<font>font13</font>
					<include>listselectedcolor</include>
					<align>left</align>
					<info>ListItem.Label</info>
				</control>
				<control type="label">
					<posx>430</posx>
					<posy>2</posy>
					<width>300</width>
					<height>22</height>
					<font>font13</font>
					<include>listselectedcolor</include>
					<textcolor>60ffffff</textcolor>
					<align>right</align>
					<info>ListItem.Label2</info>
				</control>
			</focusedlayout>
		</control>
		<control type="image" id="0">
			<description>bg preview</description>
			<posx>0</posx>
			<posy>0</posy>
			<width>720</width>
			<height>576</height>
			<colorkey>0</colorkey>
			<textcolor>ffffffff</textcolor>
			<colordiffuse>ffffffff</colordiffuse>
			<texture>background-plain.png</texture>
			<visible>!Skin.HasSetting(animated) + !Window.Previous(9999)</visible>
			<animation effect="fade" start="0" end="0" time="1">VisibleChange</animation>
			<animation effect="fade" start="100" end="0" time="500" condition="!Skin.HasSetting(animated)">WindowOpen</animation>
			<animation effect="fade" start="0" end="100" time="300" condition="!Skin.HasSetting(animated)">WindowClose</animation>
		</control>
	</controls>
</window>