<preset>

 <!-- number of frequency bars to display -->
 <bars>128</bars>

 <!-- what the bars represent (options are: "average" and "peak" levels in that frequency range)-->
 <levels>peak</levels>

 <!-- frequency scale can be log or linear -->
 <freqscale>linear</freqscale>

 <!-- fraction of actual rise amount to do at one time (range 0.01..1) -->
 <risespeed>0.5</risespeed>

 <!-- fraction of actual fall amount to do at one time (range 0.01..1) -->
 <fallspeed>0.5</fallspeed>

 <!-- enable A/B/C-weighting of the data (options are: "A", "B", "C", or "none") -->
 <weight>C</weight>

 <!-- combine channels in to one? -->
 <mixchannels>false</mixchannels>

 <!-- show peaks separately? -->
 <showpeaks>true</showpeaks>

 <!-- speed of the decay of peaks in dB/frame (range 0.01..4) -->
 <peakdecayspeed>0.4</peakdecayspeed>

 <!-- frequency range (in Hz) -->
 <freqmin>10</freqmin>
 <freqmax>18000</freqmax>

 <!-- level range (in dB - 0dB refers to a sine wave at minimum possible level, 96dB is highest possible) -->

 <levelmin>0</levelmin>
 <levelmax>96</levelmax>

 <leftchannel>
  <!-- Onscreen position in pixels (measured from top left) -->
  <left>60</left>
  <top>30</top>

  <!-- Width and height of spectrum analyser -->
  <width>600</width>
  <height>248</height>
  <!-- direction that bars go (options are: up, down, left, right) -->
  <direction>up</direction>
  <!-- set to true if you want to show an alpha transparency with the full analyser size -->
  <!-- great for placement purposes! -->

  <border>false</border>
  <!-- set true if you want highfrequencies on the left, or at the bottom -->
  <reversefreq>false</reversefreq>
  <!-- colour of peak blips (RRGGBB hex number - 0 implies use the below range) -->
  <peakcolour>FF0000</peakcolour>
  <!-- colour of bars (RRGGBB hex number) -->
  <topcolour>0000ff</topcolour>

  <middlecolour>050bc5</middlecolour>
  <bottomcolour>000000</bottomcolour>
 </leftchannel>

 <rightchannel>
  <left>60</left>
  <top>298</top>

  <width>600</width>
  <height>248</height>
  <direction>down</direction>
  <border>false</border>
  <reversefreq>false</reversefreq>
  <peakcolour>FF0000</peakcolour>

  <topcolour>0000ff</topcolour>
  <middlecolour>050bc5</middlecolour>
  <bottomcolour>000000</bottomcolour>
 </rightchannel>

</preset>