<preset>

<bars>2000</bars>
<levels>peak</levels>
<freqscale>linear</freqscale>
<risespeed>1</risespeed>
<fallspeed>0.75</fallspeed>
<weight>C</weight>
<mixchannels>false</mixchannels>
<showpeaks>true</showpeaks>
<peakdecayspeed>0.25</peakdecayspeed>
<freqmin>0</freqmin>
<freqmax>19000</freqmax>
<levelmin>0</levelmin>
<levelmax>75</levelmax>

<leftchannel>
<left>-80</left>
<top>20</top>

<!-- Change this to fix the width on your TV -->
<width>790</width>

<height>250</height>
<direction>down</direction>
<border>false</border>
<reversefreq>false</reversefreq>
<peakcolour>6E8FBC</peakcolour>
<topcolour>15BCDA</topcolour>
<middlecolour>07244C</middlecolour>
<bottomcolour>01060D</bottomcolour>
</leftchannel>

<rightchannel>
<left>-80</left>
<top>220</top>

<!-- Change this to fix the width on your TV -->
<width>790</width>

<height>250</height>
<direction>up</direction>
<border>false</border>
<reversefreq>true</reversefreq>
<peakcolour>6E8FBC</peakcolour>
<topcolour>15BCDA</topcolour>
<middlecolour>07244C</middlecolour>
<bottomcolour>01060D</bottomcolour>
</rightchannel>

</preset>