<preset>

<!-- number of frequency bars to display -->
<bars>80</bars>

<!-- what the bars represent (options are: "average" and "peak" levels in that frequency range)-->
<levels>peak</levels>

<!-- frequency scale can be log or linear -->
<freqscale>log</freqscale>

<!-- fraction of actual rise amount to do at one time (range 0.01..1) -->
<risespeed>.4</risespeed>

<!-- fraction of actual fall amount to do at one time (range 0.01..1) -->
<fallspeed>0.08</fallspeed>

<!-- enable A/B/C-weighting of the data (options are: "A", "B", "C", or "none") -->
<weight>A</weight>

<!-- combine channels in to one? -->
<mixchannels>false</mixchannels>

<!-- show peaks separately? -->
<showpeaks>true</showpeaks>

<!-- speed of the decay of peaks in dB/frame (range 0.01..4) -->
<peakdecayspeed>0.2</peakdecayspeed>

<!-- frequency range (in Hz) -->
<freqmin>20</freqmin>
<freqmax>20000</freqmax>

<!-- level range (in dB - 0dB refers to a sine wave at minimum possible level, 96dB is highest possible) -->
<levelmin>15</levelmin>
<levelmax>75</levelmax>

<leftchannel>
<!-- Onscreen position in pixels (measured from top left) -->
<left>0</left>
<top>110</top>
<!-- Width and height of spectrum analyser -->
<width>640</width>
<height>150</height>
<!-- direction that bars go (options are: up, down, left, right) -->
<direction>up</direction>
<!-- set to true if you want to show an alpha transparency with the full analyser size -->
<!-- great for placement purposes! -->
<border>false</border>
<!-- set true if you want highfrequencies on the left, or at the bottom -->
<reversefreq>false</reversefreq>
<!-- colour of peak blips (RRGGBB hex number - 0 implies use the below range) -->
<peakcolour>3399FF</peakcolour>
<!-- colour of bars (RRGGBB hex number) -->
<topcolour>CC0000</topcolour>
<middlecolour>FFCC00</middlecolour>
<bottomcolour>009900</bottomcolour>
</leftchannel>

<rightchannel>
<left>0</left>
<top>260</top>
<width>640</width>
<height>150</height>
<direction>up</direction>
<border>false</border>
<reversefreq>false</reversefreq>
<peakcolour>3399FF</peakcolour>
<topcolour>CC0000</topcolour>
<middlecolour>FFCC00</middlecolour>
<bottomcolour>009900</bottomcolour>
</rightchannel>

</preset>